{"cameraMode":{"drawMode":0,"name":"Shaded","section":"Shading Mode"},"sceneLighting":true,"audioPlay":false,"sceneViewState":{"m_AlwaysRefresh":false,"showFog":true,"showSkybox":true,"showFlares":true,"showImageEffects":true,"showParticleSystems":true,"showVisualEffectGraphs":true,"m_FxEnabled":true},"in2DMode":false,"pivot":{"x":578.1558837890625,"y":84.29499816894531,"z":96.73248291015625},"rotation":{"x":0.09405159205198288,"y":-0.0038862721994519235,"z":-0.00036291725700721145,"w":-0.9955664873123169},"size":450.230224609375,"orthographic":false}